Date,Year,Month Number,DayNum,WeekNum,total,WeekDay
2017-01-01 00:00:00,2017,1,1,1,0,1
2017-01-02 00:00:00,2017,1,2,1,0,2
2017-01-03 00:00:00,2017,1,3,1,9.410000085830688,3
2017-01-04 00:00:00,2017,1,4,1,8.1390001475811,4
2017-01-05 00:00:00,2017,1,5,1,5.515000104904175,5
2017-01-06 00:00:00,2017,1,6,1,5.1600000858306885,6
2017-01-07 00:00:00,2017,1,7,1,14.698999971151352,7
2017-01-08 00:00:00,2017,1,8,2,20.652999997138977,1
2017-01-09 00:00:00,2017,1,9,2,1.884999930858612,2
2017-01-10 00:00:00,2017,1,10,2,4.4020000994205475,3
2017-01-11 00:00:00,2017,1,11,2,19.911999940872192,4
2017-01-12 00:00:00,2017,1,12,2,13.818999946117401,5
2017-01-13 00:00:00,2017,1,13,2,44.41599977016449,6
2017-01-14 00:00:00,2017,1,14,2,11.58100014925003,7
2017-01-15 00:00:00,2017,1,15,3,0,1
2017-01-16 00:00:00,2017,1,16,3,0,2
2017-01-17 00:00:00,2017,1,17,3,0,3
2017-01-18 00:00:00,2017,1,18,3,11.93299986422062,4
2017-01-19 00:00:00,2017,1,19,3,16.553999960422516,5
2017-01-20 00:00:00,2017,1,20,3,33.757000207901,6
2017-01-21 00:00:00,2017,1,21,3,20.35699999332428,7
2017-01-22 00:00:00,2017,1,22,4,12.96099990606308,1
2017-01-23 00:00:00,2017,1,23,4,13.276999831199646,2
2017-01-24 00:00:00,2017,1,24,4,6.178000032901764,3
2017-01-25 00:00:00,2017,1,25,4,8.797000050544739,4
2017-01-26 00:00:00,2017,1,26,4,3.9140000343322754,5
2017-01-27 00:00:00,2017,1,27,4,8.110000193119049,6
2017-01-28 00:00:00,2017,1,28,4,12.318999946117401,7
2017-01-29 00:00:00,2017,1,29,5,5.946000039577484,1
2017-01-30 00:00:00,2017,1,30,5,1.3759999871253967,2
2017-01-31 00:00:00,2017,1,31,5,9.451000034809113,3
2017-02-01 00:00:00,2017,2,1,5,7.588000059127808,4
2017-02-02 00:00:00,2017,2,2,5,2.2809999585151672,5
2017-02-03 00:00:00,2017,2,3,5,12.814000248908997,6
2017-02-04 00:00:00,2017,2,4,5,0,7
2017-02-05 00:00:00,2017,2,5,6,0,1
2017-02-06 00:00:00,2017,2,6,6,0,2
2017-02-07 00:00:00,2017,2,7,6,0,3
2017-02-08 00:00:00,2017,2,8,6,0,4
2017-02-09 00:00:00,2017,2,9,6,12.291000008583069,5
2017-02-10 00:00:00,2017,2,10,6,36.47799998521805,6
2017-02-11 00:00:00,2017,2,11,6,0,7
2017-02-12 00:00:00,2017,2,12,7,23.9070001244545,1
2017-02-13 00:00:00,2017,2,13,7,8.544000178575516,2
2017-02-14 00:00:00,2017,2,14,7,9.572999835014343,3
2017-02-15 00:00:00,2017,2,15,7,7.891999989748001,4
2017-02-16 00:00:00,2017,2,16,7,4.89300000667572,5
2017-02-17 00:00:00,2017,2,17,7,11.720999866724014,6
2017-02-18 00:00:00,2017,2,18,7,12.809999734163284,7
2017-02-19 00:00:00,2017,2,19,8,14.539000034332275,1
2017-02-20 00:00:00,2017,2,20,8,6.92399999499321,2
2017-02-21 00:00:00,2017,2,21,8,35.32510030269623,3
2017-02-22 00:00:00,2017,2,22,8,45.55979913473129,4
2017-02-23 00:00:00,2017,2,23,8,16.13700035214424,5
2017-02-24 00:00:00,2017,2,24,8,39.05800008773804,6
2017-02-25 00:00:00,2017,2,25,8,11.94799992442131,7
2017-02-26 00:00:00,2017,2,26,9,10.86540013551712,1
2017-02-27 00:00:00,2017,2,27,9,6.491999924182892,2
2017-02-28 00:00:00,2017,2,28,9,15.562000036239624,3
2017-03-01 00:00:00,2017,3,1,9,22.43800002336502,4
2017-03-02 00:00:00,2017,3,2,9,14.651000291109085,5
2017-03-03 00:00:00,2017,3,3,9,32.06470015645027,6
2017-03-04 00:00:00,2017,3,4,9,25.326999843120575,7
2017-03-05 00:00:00,2017,3,5,10,11.703000128269196,1
2017-03-06 00:00:00,2017,3,6,10,7.2670000195503235,2
2017-03-07 00:00:00,2017,3,7,10,11.705000162124634,3
2017-03-08 00:00:00,2017,3,8,10,6.580000042915344,4
2017-03-09 00:00:00,2017,3,9,10,10.007999956607819,5
2017-03-10 00:00:00,2017,3,10,10,32.24700027704239,6
2017-03-11 00:00:00,2017,3,11,10,17.806999996304512,7
2017-03-12 00:00:00,2017,3,12,11,18.766000151634216,1
2017-03-13 00:00:00,2017,3,13,11,1.7369999885559082,2
2017-03-14 00:00:00,2017,3,14,11,13.299000158905983,3
2017-03-15 00:00:00,2017,3,15,11,15.069000005722046,4
2017-03-16 00:00:00,2017,3,16,11,14.738000094890594,5
2017-03-17 00:00:00,2017,3,17,11,25.22100019454956,6
2017-03-18 00:00:00,2017,3,18,11,50.01870021224022,7
2017-03-19 00:00:00,2017,3,19,12,21.152000039815903,1
2017-03-20 00:00:00,2017,3,20,12,14.00900012254715,2
2017-03-21 00:00:00,2017,3,21,12,14.943999826908112,3
2017-03-22 00:00:00,2017,3,22,12,11.57800018787384,4
2017-03-23 00:00:00,2017,3,23,12,16.677000015974045,5
2017-03-24 00:00:00,2017,3,24,12,19.912000060081482,6
2017-03-25 00:00:00,2017,3,25,12,20.287999749183655,7
2017-03-26 00:00:00,2017,3,26,13,8.75,1
2017-03-27 00:00:00,2017,3,27,13,25.218899726867676,2
2017-03-28 00:00:00,2017,3,28,13,6.956999957561493,3
2017-03-29 00:00:00,2017,3,29,13,14.197999745607376,4
2017-03-30 00:00:00,2017,3,30,13,10.28900009393692,5
2017-03-31 00:00:00,2017,3,31,13,26.94340008497238,6
2017-04-01 00:00:00,2017,4,1,13,37.41500034928322,7
2017-04-02 00:00:00,2017,4,2,14,4.200999975204468,1
2017-04-03 00:00:00,2017,4,3,14,0,2
2017-04-04 00:00:00,2017,4,4,14,10.39699986577034,3
2017-04-05 00:00:00,2017,4,5,14,12.6839998960495,4
2017-04-06 00:00:00,2017,4,6,14,7.358999848365784,5
2017-04-07 00:00:00,2017,4,7,14,13.436299562454224,6
2017-04-08 00:00:00,2017,4,8,14,34.37300020456314,7
2017-04-09 00:00:00,2017,4,9,15,16.883999943733215,1
2017-04-10 00:00:00,2017,4,10,15,18.32170009613037,2
2017-04-11 00:00:00,2017,4,11,15,26.1389998793602,3
2017-04-12 00:00:00,2017,4,12,15,19.09799987077713,4
2017-04-13 00:00:00,2017,4,13,15,71.09700033068657,5
2017-04-14 00:00:00,2017,4,14,15,52.44999974966049,6
2017-04-15 00:00:00,2017,4,15,15,30.69399982690811,7
2017-04-16 00:00:00,2017,4,16,16,6.53600013256073,1
2017-04-17 00:00:00,2017,4,17,16,10.672000020742416,2
2017-04-18 00:00:00,2017,4,18,16,12.659900158643723,3
2017-04-19 00:00:00,2017,4,19,16,4.177999943494797,4
2017-04-20 00:00:00,2017,4,20,16,14.948999971151352,5
2017-04-21 00:00:00,2017,4,21,16,16.752999782562256,6
2017-04-22 00:00:00,2017,4,22,16,15.051000118255615,7
2017-04-23 00:00:00,2017,4,23,17,33.13999977707863,1
2017-04-24 00:00:00,2017,4,24,17,12.32999986410141,2
2017-04-25 00:00:00,2017,4,25,17,44.380299776792526,3
2017-04-26 00:00:00,2017,4,26,17,9.600000113248825,4
2017-04-27 00:00:00,2017,4,27,17,10.410599827766418,5
2017-04-28 00:00:00,2017,4,28,17,17.962999939918518,6
2017-04-29 00:00:00,2017,4,29,17,44.12300023436546,7
2017-04-30 00:00:00,2017,4,30,18,22.225900411605835,1
2017-05-01 00:00:00,2017,5,1,18,25.8439998626709,2
2017-05-02 00:00:00,2017,5,2,18,2.5089999437332153,3
2017-05-03 00:00:00,2017,5,3,18,24.627999424934387,4
2017-05-04 00:00:00,2017,5,4,18,17.235999882221222,5
2017-05-05 00:00:00,2017,5,5,18,24.135800153017044,6
2017-05-06 00:00:00,2017,5,6,18,23.49700003862381,7
2017-05-07 00:00:00,2017,5,7,19,12.549000173807144,1
2017-05-08 00:00:00,2017,5,8,19,10.07700002193451,2
2017-05-09 00:00:00,2017,5,9,19,20.816000014543533,3
2017-05-10 00:00:00,2017,5,10,19,21.553999662399292,4
2017-05-11 00:00:00,2017,5,11,19,27.913999885320663,5
2017-05-12 00:00:00,2017,5,12,19,45.43400019407272,6
2017-05-13 00:00:00,2017,5,13,19,23.1139996945858,7
2017-05-14 00:00:00,2017,5,14,20,28.14500018954277,1
2017-05-15 00:00:00,2017,5,15,20,6.9070000648498535,2
2017-05-16 00:00:00,2017,5,16,20,16.18999993801117,3
2017-05-17 00:00:00,2017,5,17,20,5.579000070691109,4
2017-05-18 00:00:00,2017,5,18,20,16.718999922275543,5
2017-05-19 00:00:00,2017,5,19,20,16.69299989938736,6
2017-05-20 00:00:00,2017,5,20,20,48.80320021510124,7
2017-05-21 00:00:00,2017,5,21,21,32.12700006365776,1
2017-05-22 00:00:00,2017,5,22,21,10.118000090122223,2
2017-05-23 00:00:00,2017,5,23,21,26.466000020503998,3
2017-05-24 00:00:00,2017,5,24,21,22.597000062465668,4
2017-05-25 00:00:00,2017,5,25,21,16.33089989423752,5
2017-05-26 00:00:00,2017,5,26,21,22.35600021481514,6
2017-05-27 00:00:00,2017,5,27,21,67.35350082814693,7
2017-05-28 00:00:00,2017,5,28,22,23.897999674081802,1
2017-05-29 00:00:00,2017,5,29,22,14.761299729347229,2
2017-05-30 00:00:00,2017,5,30,22,16.406399965286255,3
2017-05-31 00:00:00,2017,5,31,22,18.15099996328354,4
2017-06-01 00:00:00,2017,6,1,22,24.20600038766861,5
2017-06-02 00:00:00,2017,6,2,22,43.417000472545624,6
2017-06-03 00:00:00,2017,6,3,22,56.61000022292137,7
2017-06-04 00:00:00,2017,6,4,23,87.72500029206276,1
2017-06-05 00:00:00,2017,6,5,23,51.92700016498566,2
2017-06-06 00:00:00,2017,6,6,23,18.844999879598618,3
2017-06-07 00:00:00,2017,6,7,23,20.74800008535385,4
2017-06-08 00:00:00,2017,6,8,23,38.27100007236004,5
2017-06-09 00:00:00,2017,6,9,23,67.85139958560467,6
2017-06-10 00:00:00,2017,6,10,23,75.76300007104874,7
2017-06-11 00:00:00,2017,6,11,24,66.09499990940094,1
2017-06-12 00:00:00,2017,6,12,24,29.804999619722366,2
2017-06-13 00:00:00,2017,6,13,24,52.266899794340134,3
2017-06-14 00:00:00,2017,6,14,24,72.77180024981499,4
2017-06-15 00:00:00,2017,6,15,24,78.71399971842766,5
2017-06-16 00:00:00,2017,6,16,24,43.522999972105026,6
2017-06-17 00:00:00,2017,6,17,24,102.72099968791008,7
2017-06-18 00:00:00,2017,6,18,25,48.85799989104271,1
2017-06-19 00:00:00,2017,6,19,25,33.938000082969666,2
2017-06-20 00:00:00,2017,6,20,25,54.845999985933304,3
2017-06-21 00:00:00,2017,6,21,25,26.81499993801117,4
2017-06-22 00:00:00,2017,6,22,25,40.15399983525276,5
2017-06-23 00:00:00,2017,6,23,25,30.50199982523918,6
2017-06-24 00:00:00,2017,6,24,25,90.42909990251064,7
2017-06-25 00:00:00,2017,6,25,26,47.043999791145325,1
2017-06-26 00:00:00,2017,6,26,26,4.762999951839447,2
2017-06-27 00:00:00,2017,6,27,26,32.8079999089241,3
2017-06-28 00:00:00,2017,6,28,26,23.2280001193285,4
2017-06-29 00:00:00,2017,6,29,26,25.59399989247322,5
2017-06-30 00:00:00,2017,6,30,26,17.853000164031982,6
2017-07-01 00:00:00,2017,7,1,26,26.50620025396347,7
2017-07-02 00:00:00,2017,7,2,27,47.136000007390976,1
2017-07-03 00:00:00,2017,7,3,27,27.862800002098083,2
2017-07-04 00:00:00,2017,7,4,27,35.658999979496,3
2017-07-05 00:00:00,2017,7,5,27,18.702999979257584,4
2017-07-06 00:00:00,2017,7,6,27,25.492000192403793,5
2017-07-07 00:00:00,2017,7,7,27,51.73700004816055,6
2017-07-08 00:00:00,2017,7,8,27,70.32179963588715,7
2017-07-09 00:00:00,2017,7,9,28,41.902000069618225,1
2017-07-10 00:00:00,2017,7,10,28,46.337799817323685,2
2017-07-11 00:00:00,2017,7,11,28,27.201800167560577,3
2017-07-12 00:00:00,2017,7,12,28,19.481999933719635,4
2017-07-13 00:00:00,2017,7,13,28,51.40799969434738,5
2017-07-14 00:00:00,2017,7,14,28,41.54690000414848,6
2017-07-15 00:00:00,2017,7,15,28,89.55090004205704,7
2017-07-16 00:00:00,2017,7,16,29,77.38899978995323,1
2017-07-17 00:00:00,2017,7,17,29,32.172300189733505,2
2017-07-18 00:00:00,2017,7,18,29,33.51480013132095,3
2017-07-19 00:00:00,2017,7,19,29,46.284999907016754,4
2017-07-20 00:00:00,2017,7,20,29,30.731300458312035,5
2017-07-21 00:00:00,2017,7,21,29,15.429999977350235,6
2017-07-22 00:00:00,2017,7,22,29,24.60340052843094,7
2017-07-23 00:00:00,2017,7,23,30,33.28900018334389,1
2017-07-24 00:00:00,2017,7,24,30,9.143000066280365,2
2017-07-25 00:00:00,2017,7,25,30,36.578199684619904,3
2017-07-26 00:00:00,2017,7,26,30,13.834999799728394,4
2017-07-27 00:00:00,2017,7,27,30,29.531999737024307,5
2017-07-28 00:00:00,2017,7,28,30,48.73399992287159,6
2017-07-29 00:00:00,2017,7,29,30,91.60360014438629,7
2017-07-30 00:00:00,2017,7,30,31,46.70599949359894,1
2017-07-31 00:00:00,2017,7,31,31,11.32800006866455,2
2017-08-01 00:00:00,2017,8,1,31,18.494000256061554,3
2017-08-02 00:00:00,2017,8,2,31,38.8855996131897,4
2017-08-03 00:00:00,2017,8,3,31,41.40400004386902,5
2017-08-04 00:00:00,2017,8,4,31,52.078800201416016,6
2017-08-05 00:00:00,2017,8,5,31,45.8815995156765,7
2017-08-06 00:00:00,2017,8,6,32,55.47700035572052,1
2017-08-07 00:00:00,2017,8,7,32,18.01200008392334,2
2017-08-08 00:00:00,2017,8,8,32,25.079999893903732,3
2017-08-09 00:00:00,2017,8,9,32,1.1050000190734863,4
2017-08-10 00:00:00,2017,8,10,32,20.819999992847443,5
2017-08-11 00:00:00,2017,8,11,32,34.40910017490387,6
2017-08-12 00:00:00,2017,8,12,32,46.10800012946129,7
2017-08-13 00:00:00,2017,8,13,33,83.07799915969372,1
2017-08-14 00:00:00,2017,8,14,33,22.987999975681305,2
2017-08-15 00:00:00,2017,8,15,33,26.78699979186058,3
2017-08-16 00:00:00,2017,8,16,33,25.168000042438507,4
2017-08-17 00:00:00,2017,8,17,33,23.78499999642372,5
2017-08-18 00:00:00,2017,8,18,33,33.04200008511543,6
2017-08-19 00:00:00,2017,8,19,33,53.54539994895458,7
2017-08-20 00:00:00,2017,8,20,34,39.90899991989136,1
2017-08-21 00:00:00,2017,8,21,34,18.76200008392334,2
2017-08-22 00:00:00,2017,8,22,34,27.106999963521957,3
2017-08-23 00:00:00,2017,8,23,34,21.777999877929688,4
2017-08-24 00:00:00,2017,8,24,34,22.62099999189377,5
2017-08-25 00:00:00,2017,8,25,34,31.642199963331223,6
2017-08-26 00:00:00,2017,8,26,34,45.86100000143051,7
2017-08-27 00:00:00,2017,8,27,35,35.65500009059906,1
2017-08-28 00:00:00,2017,8,28,35,18.679000049829483,2
2017-08-29 00:00:00,2017,8,29,35,11.243999898433685,3
2017-08-30 00:00:00,2017,8,30,35,11.6010000705719,4
2017-08-31 00:00:00,2017,8,31,35,24.852999925613403,5
2017-09-01 00:00:00,2017,9,1,35,28.303599804639816,6
2017-09-02 00:00:00,2017,9,2,35,16.862999826669693,7
2017-09-03 00:00:00,2017,9,3,36,15.648999989032745,1
2017-09-04 00:00:00,2017,9,4,36,17.944000095129013,2
2017-09-05 00:00:00,2017,9,5,36,30.13449999690056,3
2017-09-06 00:00:00,2017,9,6,36,13.292999923229218,4
2017-09-07 00:00:00,2017,9,7,36,2.881999969482422,5
2017-09-08 00:00:00,2017,9,8,36,36.76880005002022,6
2017-09-09 00:00:00,2017,9,9,36,29.638000190258026,7
2017-09-10 00:00:00,2017,9,10,37,23.63419982790947,1
2017-09-11 00:00:00,2017,9,11,37,18.35400003194809,2
2017-09-12 00:00:00,2017,9,12,37,18.96799996495247,3
2017-09-13 00:00:00,2017,9,13,37,11.011999934911728,4
2017-09-14 00:00:00,2017,9,14,37,10.242900103330612,5
2017-09-15 00:00:00,2017,9,15,37,22.170999825000763,6
2017-09-16 00:00:00,2017,9,16,37,27.931000351905823,7
2017-09-17 00:00:00,2017,9,17,38,21.92900013923645,1
2017-09-18 00:00:00,2017,9,18,38,11.033999770879745,2
2017-09-19 00:00:00,2017,9,19,38,5.997999966144562,3
2017-09-20 00:00:00,2017,9,20,38,36.9200000166893,4
2017-09-21 00:00:00,2017,9,21,38,25.062000036239624,5
2017-09-22 00:00:00,2017,9,22,38,24.490000069141388,6
2017-09-23 00:00:00,2017,9,23,38,18.62900012731552,7
2017-09-24 00:00:00,2017,9,24,39,37.76800012588501,1
2017-09-25 00:00:00,2017,9,25,39,10.887999922037125,2
2017-09-26 00:00:00,2017,9,26,39,28.18099981546402,3
2017-09-27 00:00:00,2017,9,27,39,27.54700030386448,4
2017-09-28 00:00:00,2017,9,28,39,3.4889999628067017,5
2017-09-29 00:00:00,2017,9,29,39,21.387399837374687,6
2017-09-30 00:00:00,2017,9,30,39,52.15730009973049,7
2017-10-01 00:00:00,2017,10,1,40,33.28600013256073,1
2017-10-02 00:00:00,2017,10,2,40,12.414000153541565,2
2017-10-03 00:00:00,2017,10,3,40,28.154000014066696,3
2017-10-04 00:00:00,2017,10,4,40,16.50899988412857,4
2017-10-05 00:00:00,2017,10,5,40,123.72300028800964,5
2017-10-06 00:00:00,2017,10,6,40,18.642000317573547,6
2017-10-07 00:00:00,2017,10,7,40,38.83999985456467,7
2017-10-08 00:00:00,2017,10,8,41,37.125000566244125,1
2017-10-09 00:00:00,2017,10,9,41,20.954399913549423,2
2017-10-10 00:00:00,2017,10,10,41,10.618000119924545,3
2017-10-11 00:00:00,2017,10,11,41,17.41159987449646,4
2017-10-12 00:00:00,2017,10,12,41,10.754000067710876,5
2017-10-13 00:00:00,2017,10,13,41,23.53400009870529,6
2017-10-14 00:00:00,2017,10,14,41,12.266000032424927,7
2017-10-15 00:00:00,2017,10,15,42,9.01099979877472,1
2017-10-16 00:00:00,2017,10,16,42,2.7820000052452087,2
2017-10-17 00:00:00,2017,10,17,42,15.937999665737152,3
2017-10-18 00:00:00,2017,10,18,42,17.793999880552292,4
2017-10-19 00:00:00,2017,10,19,42,7.96900001168251,5
2017-10-20 00:00:00,2017,10,20,42,35.92600017786026,6
2017-10-21 00:00:00,2017,10,21,42,33.82200014591217,7
2017-10-22 00:00:00,2017,10,22,43,16.49200001358986,1
2017-10-23 00:00:00,2017,10,23,43,0,2
2017-10-24 00:00:00,2017,10,24,43,21.512000143527985,3
2017-10-25 00:00:00,2017,10,25,43,12.26199996471405,4
2017-10-26 00:00:00,2017,10,26,43,17.352999925613403,5
2017-10-27 00:00:00,2017,10,27,43,27.478999823331833,6
2017-10-28 00:00:00,2017,10,28,43,35.9159996509552,7
2017-10-29 00:00:00,2017,10,29,44,36.043000012636185,1
2017-10-30 00:00:00,2017,10,30,44,11.868000030517578,2
2017-10-31 00:00:00,2017,10,31,44,8.63999992609024,3
2017-11-01 00:00:00,2017,11,1,44,24.882000133395195,4
2017-11-02 00:00:00,2017,11,2,44,20.80299997329712,5
2017-11-03 00:00:00,2017,11,3,44,31.941899836063385,6
2017-11-04 00:00:00,2017,11,4,44,25.35699999332428,7
2017-11-05 00:00:00,2017,11,5,45,9.20799994468689,1
2017-11-06 00:00:00,2017,11,6,45,6.231000006198883,2
2017-11-07 00:00:00,2017,11,7,45,13.373999834060669,3
2017-11-08 00:00:00,2017,11,8,45,9.145000159740448,4
2017-11-09 00:00:00,2017,11,9,45,9.165000021457672,5
2017-11-10 00:00:00,2017,11,10,45,6.1599999368190765,6
2017-11-11 00:00:00,2017,11,11,45,12.368000209331512,7
2017-11-12 00:00:00,2017,11,12,46,21.788999795913696,1
2017-11-13 00:00:00,2017,11,13,46,7.499000132083893,2
2017-11-14 00:00:00,2017,11,14,46,12.275000035762787,3
2017-11-15 00:00:00,2017,11,15,46,7.734000161290169,4
2017-11-16 00:00:00,2017,11,16,46,10.094999849796295,5
2017-11-17 00:00:00,2017,11,17,46,10.042000025510788,6
2017-11-18 00:00:00,2017,11,18,46,14.484999805688858,7
2017-11-19 00:00:00,2017,11,19,47,17.20600003004074,1
2017-11-20 00:00:00,2017,11,20,47,5.493000030517578,2
2017-11-21 00:00:00,2017,11,21,47,14.24400019645691,3
2017-11-22 00:00:00,2017,11,22,47,9.014000058174133,4
2017-11-23 00:00:00,2017,11,23,47,14.727999836206436,5
2017-11-24 00:00:00,2017,11,24,47,27.464999973773956,6
2017-11-25 00:00:00,2017,11,25,47,23.623000264167786,7
2017-11-26 00:00:00,2017,11,26,48,7.345999896526337,1
2017-11-27 00:00:00,2017,11,27,48,9.69700002670288,2
2017-11-28 00:00:00,2017,11,28,48,7.021000146865845,3
2017-11-29 00:00:00,2017,11,29,48,8.17399999499321,4
2017-11-30 00:00:00,2017,11,30,48,15.04500013589859,5
2017-12-01 00:00:00,2017,12,1,48,18.8440001308918,6
2017-12-02 00:00:00,2017,12,2,48,13.094999864697456,7
2017-12-03 00:00:00,2017,12,3,49,4.26800000667572,1
2017-12-04 00:00:00,2017,12,4,49,4.426000028848648,2
2017-12-05 00:00:00,2017,12,5,49,16.14900016784668,3
2017-12-06 00:00:00,2017,12,6,49,3.867000013589859,4
2017-12-07 00:00:00,2017,12,7,49,9.847000002861023,5
2017-12-08 00:00:00,2017,12,8,49,5.708999991416931,6
2017-12-09 00:00:00,2017,12,9,49,13.408999919891357,7
2017-12-10 00:00:00,2017,12,10,50,10.962000072002411,1
2017-12-11 00:00:00,2017,12,11,50,5.493999928236008,2
2017-12-12 00:00:00,2017,12,12,50,3.511000096797943,3
2017-12-13 00:00:00,2017,12,13,50,9.464000046253204,4
2017-12-14 00:00:00,2017,12,14,50,5.835000038146973,5
2017-12-15 00:00:00,2017,12,15,50,15.183000147342682,6
2017-12-16 00:00:00,2017,12,16,50,14.107999920845032,7
2017-12-17 00:00:00,2017,12,17,51,12.217000007629395,1
2017-12-18 00:00:00,2017,12,18,51,6.849000245332718,2
2017-12-19 00:00:00,2017,12,19,51,16.10500006377697,3
2017-12-20 00:00:00,2017,12,20,51,5.791000157594681,4
2017-12-21 00:00:00,2017,12,21,51,5.258000135421753,5
2017-12-22 00:00:00,2017,12,22,51,18.73100021481514,6
2017-12-23 00:00:00,2017,12,23,51,9.704000115394592,7
2017-12-24 00:00:00,2017,12,24,52,4.692000150680542,1
2017-12-25 00:00:00,2017,12,25,52,0,2
2017-12-26 00:00:00,2017,12,26,52,1.4989999532699585,3
2017-12-27 00:00:00,2017,12,27,52,10.855000108480453,4
2017-12-28 00:00:00,2017,12,28,52,10.917999923229218,5
2017-12-29 00:00:00,2017,12,29,52,8.845000103116035,6
2017-12-30 00:00:00,2017,12,30,52,4.568999946117401,7
2017-12-31 00:00:00,2017,12,31,53,2.093000054359436,1
2018-01-01 00:00:00,2018,1,1,1,0,2
2018-01-02 00:00:00,2018,1,2,1,1.0750000476837158,3
2018-01-03 00:00:00,2018,1,3,1,4.078000009059906,4
2018-01-04 00:00:00,2018,1,4,1,5.370999872684479,5
2018-01-05 00:00:00,2018,1,5,1,4.9339998960494995,6
2018-01-06 00:00:00,2018,1,6,1,3.1419999599456787,7
2018-01-07 00:00:00,2018,1,7,2,7.447000056505203,1
2018-01-08 00:00:00,2018,1,8,2,6.584000051021576,2
2018-01-09 00:00:00,2018,1,9,2,12.843999862670898,3
2018-01-10 00:00:00,2018,1,10,2,29.236000388860703,4
2018-01-11 00:00:00,2018,1,11,2,20.23899981379509,5
2018-01-12 00:00:00,2018,1,12,2,19.654999911785126,6
2018-01-13 00:00:00,2018,1,13,2,28.660999685525894,7
2018-01-14 00:00:00,2018,1,14,3,16.7389999628067,1
2018-01-15 00:00:00,2018,1,15,3,9.180999845266342,2
2018-01-16 00:00:00,2018,1,16,3,11.430999755859375,3
2018-01-17 00:00:00,2018,1,17,3,11.51899990439415,4
2018-01-18 00:00:00,2018,1,18,3,9.850999891757965,5
2018-01-19 00:00:00,2018,1,19,3,18.610999941825867,6
2018-01-20 00:00:00,2018,1,20,3,9.097000032663345,7
2018-01-21 00:00:00,2018,1,21,4,10.709000021219254,1
2018-01-22 00:00:00,2018,1,22,4,6.312999993562698,2
2018-01-23 00:00:00,2018,1,23,4,3.7350000143051147,3
2018-01-24 00:00:00,2018,1,24,4,7.401000022888184,4
2018-01-25 00:00:00,2018,1,25,4,7.364000082015991,5
2018-01-26 00:00:00,2018,1,26,4,5.022999972105026,6
2018-01-27 00:00:00,2018,1,27,4,9.63400000333786,7
2018-01-28 00:00:00,2018,1,28,5,8.603000164031982,1
2018-01-29 00:00:00,2018,1,29,5,11.919999957084656,2
2018-01-30 00:00:00,2018,1,30,5,22.316000074148178,3
2018-01-31 00:00:00,2018,1,31,5,16.94899994134903,4
2018-02-01 00:00:00,2018,2,1,5,17.236999958753586,5
2018-02-02 00:00:00,2018,2,2,5,15.156000018119812,6
2018-02-03 00:00:00,2018,2,3,5,36.15600022673607,7
2018-02-04 00:00:00,2018,2,4,6,28.810000002384186,1
2018-02-05 00:00:00,2018,2,5,6,3.6980000138282776,2
2018-02-06 00:00:00,2018,2,6,6,3.571000039577484,3
2018-02-07 00:00:00,2018,2,7,6,10.235999882221222,4
2018-02-08 00:00:00,2018,2,8,6,13.584000051021576,5
2018-02-09 00:00:00,2018,2,9,6,18.96400013566017,6
2018-02-10 00:00:00,2018,2,10,6,34.855999648571014,7
2018-02-11 00:00:00,2018,2,11,7,7.284000068902969,1
2018-02-12 00:00:00,2018,2,12,7,7.431000113487244,2
2018-02-13 00:00:00,2018,2,13,7,10.127999782562256,3
2018-02-14 00:00:00,2018,2,14,7,8.56800001859665,4
2018-02-15 00:00:00,2018,2,15,7,10.37799996137619,5
2018-02-16 00:00:00,2018,2,16,7,25.137999773025513,6
2018-02-17 00:00:00,2018,2,17,7,21.805999726057053,7
2018-02-18 00:00:00,2018,2,18,8,6.0040000677108765,1
2018-02-19 00:00:00,2018,2,19,8,7.6230000257492065,2
2018-02-20 00:00:00,2018,2,20,8,17.579000174999237,3
2018-02-21 00:00:00,2018,2,21,8,19.584999918937683,4
2018-02-22 00:00:00,2018,2,22,8,14.700999975204468,5
2018-02-23 00:00:00,2018,2,23,8,12.39800015091896,6
2018-02-24 00:00:00,2018,2,24,8,16.462999999523163,7
2018-02-25 00:00:00,2018,2,25,9,8.887999951839447,1
2018-02-26 00:00:00,2018,2,26,9,0.996999979019165,2
2018-02-27 00:00:00,2018,2,27,9,21.244000017642975,3
2018-02-28 00:00:00,2018,2,28,9,13.095999926328659,4
2018-03-01 00:00:00,2018,3,1,9,7.135999917984009,5
2018-03-02 00:00:00,2018,3,2,9,5.265999913215637,6
2018-03-03 00:00:00,2018,3,3,9,22.154999792575836,7
2018-03-04 00:00:00,2018,3,4,10,1.8669999837875366,1
2018-03-05 00:00:00,2018,3,5,10,0,2
2018-03-06 00:00:00,2018,3,6,10,0,3
2018-03-07 00:00:00,2018,3,7,10,0,4
2018-03-08 00:00:00,2018,3,8,10,9.902000039815903,5
2018-03-09 00:00:00,2018,3,9,10,27.504999965429306,6
2018-03-10 00:00:00,2018,3,10,10,24.754999965429306,7
2018-03-11 00:00:00,2018,3,11,11,9.49899998307228,1
2018-03-12 00:00:00,2018,3,12,11,2.0949999690055847,2
2018-03-13 00:00:00,2018,3,13,11,14.012000024318695,3
2018-03-14 00:00:00,2018,3,14,11,0,4
2018-03-15 00:00:00,2018,3,15,11,13.397999793291092,5
2018-03-16 00:00:00,2018,3,16,11,14.179999649524689,6
2018-03-17 00:00:00,2018,3,17,11,25.314000077545643,7
2018-03-18 00:00:00,2018,3,18,12,14.712000131607056,1
2018-03-19 00:00:00,2018,3,19,12,11.280000030994415,2
2018-03-20 00:00:00,2018,3,20,12,0,3
2018-03-21 00:00:00,2018,3,21,12,9.024999916553497,4
2018-03-22 00:00:00,2018,3,22,12,6.884999930858612,5
2018-03-23 00:00:00,2018,3,23,12,11.73200011253357,6
2018-03-24 00:00:00,2018,3,24,12,11.26699984073639,7
2018-03-25 00:00:00,2018,3,25,13,12.314000219106674,1
2018-03-26 00:00:00,2018,3,26,13,4.468999981880188,2
2018-03-27 00:00:00,2018,3,27,13,11.039000034332275,3
2018-03-28 00:00:00,2018,3,28,13,10.818000078201294,4
2018-03-29 00:00:00,2018,3,29,13,19.13899999856949,5
2018-03-30 00:00:00,2018,3,30,13,27.296000123023987,6
2018-03-31 00:00:00,2018,3,31,13,13.081000089645386,7
2018-04-01 00:00:00,2018,4,1,14,5.924999892711639,1
2018-04-02 00:00:00,2018,4,2,14,0,2
2018-04-03 00:00:00,2018,4,3,14,6.688000202178955,3
2018-04-04 00:00:00,2018,4,4,14,8.042000085115433,4
2018-04-05 00:00:00,2018,4,5,14,16.50600016117096,5
2018-04-06 00:00:00,2018,4,6,14,15.122000098228455,6
2018-04-07 00:00:00,2018,4,7,14,10.36600011587143,7
2018-04-08 00:00:00,2018,4,8,15,6.12600003182888,1
2018-04-09 00:00:00,2018,4,9,15,4.299000024795532,2
2018-04-10 00:00:00,2018,4,10,15,13.667999863624573,3
2018-04-11 00:00:00,2018,4,11,15,6.22299998998642,4
2018-04-12 00:00:00,2018,4,12,15,10.16100025177002,5
2018-04-13 00:00:00,2018,4,13,15,11.663999944925308,6
2018-04-14 00:00:00,2018,4,14,15,39.17999982833862,7
2018-04-15 00:00:00,2018,4,15,16,16.91800022125244,1
2018-04-16 00:00:00,2018,4,16,16,3.1480000019073486,2
2018-04-17 00:00:00,2018,4,17,16,8.245999842882156,3
2018-04-18 00:00:00,2018,4,18,16,10.444000005722046,4
2018-04-19 00:00:00,2018,4,19,16,18.60899990797043,5
2018-04-20 00:00:00,2018,4,20,16,14.75500014424324,6
2018-04-21 00:00:00,2018,4,21,16,14.306999802589417,7
2018-04-22 00:00:00,2018,4,22,17,11.564000129699707,1
2018-04-23 00:00:00,2018,4,23,17,5.278999924659729,2
2018-04-24 00:00:00,2018,4,24,17,16.954000174999237,3
2018-04-25 00:00:00,2018,4,25,17,12.66199991106987,4
2018-04-26 00:00:00,2018,4,26,17,33.322000086307526,5
2018-04-27 00:00:00,2018,4,27,17,15.098000049591064,6
2018-04-28 00:00:00,2018,4,28,17,4.9700000286102295,7
2018-04-29 00:00:00,2018,4,29,18,14.829000025987625,1
2018-04-30 00:00:00,2018,4,30,18,9.311000153422356,2
2018-05-01 00:00:00,2018,5,1,18,11.889999628067017,3
2018-05-02 00:00:00,2018,5,2,18,8.271999955177307,4
2018-05-03 00:00:00,2018,5,3,18,17.95800021290779,5
2018-05-04 00:00:00,2018,5,4,18,26.131000101566315,6
2018-05-05 00:00:00,2018,5,5,18,19.156000077724457,7
2018-05-06 00:00:00,2018,5,6,19,27.203999876976013,1
2018-05-07 00:00:00,2018,5,7,19,6.815000027418137,2
2018-05-08 00:00:00,2018,5,8,19,36.007000118494034,3
2018-05-09 00:00:00,2018,5,9,19,21.986000180244446,4
2018-05-10 00:00:00,2018,5,10,19,29.45899999141693,5
2018-05-11 00:00:00,2018,5,11,19,21.428999930620193,6
2018-05-12 00:00:00,2018,5,12,19,42.590999722480774,7
2018-05-13 00:00:00,2018,5,13,20,51.51999989151955,1
2018-05-14 00:00:00,2018,5,14,20,0,2
2018-05-15 00:00:00,2018,5,15,20,13.474999964237213,3
2018-05-16 00:00:00,2018,5,16,20,26.443999856710434,4
2018-05-17 00:00:00,2018,5,17,20,19.890999972820282,5
2018-05-18 00:00:00,2018,5,18,20,27.132999747991562,6
2018-05-19 00:00:00,2018,5,19,20,21.09000000357628,7
2018-05-20 00:00:00,2018,5,20,21,18.04500025510788,1
2018-05-21 00:00:00,2018,5,21,21,4.695000052452087,2
2018-05-22 00:00:00,2018,5,22,21,7.749000132083893,3
2018-05-23 00:00:00,2018,5,23,21,13.156000018119812,4
2018-05-24 00:00:00,2018,5,24,21,0,5
2018-05-25 00:00:00,2018,5,25,21,47.99800002574921,6
2018-05-26 00:00:00,2018,5,26,21,56.04699981212616,7
2018-05-27 00:00:00,2018,5,27,22,57.930999875068665,1
2018-05-28 00:00:00,2018,5,28,22,8.671000063419342,2
2018-05-29 00:00:00,2018,5,29,22,12.39000004529953,3
2018-05-30 00:00:00,2018,5,30,22,20.02700012922287,4
2018-05-31 00:00:00,2018,5,31,22,23.031000018119812,5
2018-06-01 00:00:00,2018,6,1,22,23.55200019478798,6
2018-06-02 00:00:00,2018,6,2,22,48.823999762535095,7
2018-06-03 00:00:00,2018,6,3,23,40.135999858379364,1
2018-06-04 00:00:00,2018,6,4,23,13.351000130176544,2
2018-06-05 00:00:00,2018,6,5,23,23.901000142097473,3
2018-06-06 00:00:00,2018,6,6,23,33.511999905109406,4
2018-06-07 00:00:00,2018,6,7,23,18.353000193834305,5
2018-06-08 00:00:00,2018,6,8,23,35.76499980688095,6
2018-06-09 00:00:00,2018,6,9,23,24.90100036561489,7
2018-06-10 00:00:00,2018,6,10,24,52.01500007510185,1
2018-06-11 00:00:00,2018,6,11,24,13.237999975681305,2
2018-06-12 00:00:00,2018,6,12,24,14.362999856472015,3
2018-06-13 00:00:00,2018,6,13,24,41.57599972188473,4
2018-06-14 00:00:00,2018,6,14,24,12.737999975681305,5
2018-06-15 00:00:00,2018,6,15,24,4.443000078201294,6
2018-06-16 00:00:00,2018,6,16,24,28.620999962091446,7
2018-06-17 00:00:00,2018,6,17,25,26.400999903678894,1
2018-06-18 00:00:00,2018,6,18,25,4.7480001002550125,2
2018-06-19 00:00:00,2018,6,19,25,15.91399997472763,3
2018-06-20 00:00:00,2018,6,20,25,7.681000143289566,4
2018-06-21 00:00:00,2018,6,21,25,19.47000002861023,5
2018-06-22 00:00:00,2018,6,22,25,10.550999969244003,6
2018-06-23 00:00:00,2018,6,23,25,32.49599966406822,7
2018-06-24 00:00:00,2018,6,24,26,33.79000000655651,1
2018-06-25 00:00:00,2018,6,25,26,23.448999911546707,2
2018-06-26 00:00:00,2018,6,26,26,0,3
2018-06-27 00:00:00,2018,6,27,26,25.84500002861023,4
2018-06-28 00:00:00,2018,6,28,26,44.18400025367737,5
2018-06-29 00:00:00,2018,6,29,26,33.58000040054321,6
2018-06-30 00:00:00,2018,6,30,26,56.608000084757805,7
2018-07-01 00:00:00,2018,7,1,27,63.038000255823135,1
2018-07-02 00:00:00,2018,7,2,27,10.147000014781952,2
2018-07-03 00:00:00,2018,7,3,27,31.19000005722046,3
2018-07-04 00:00:00,2018,7,4,27,30.240999937057495,4
2018-07-05 00:00:00,2018,7,5,27,16.720000207424164,5
2018-07-06 00:00:00,2018,7,6,27,27.27900004386902,6
2018-07-07 00:00:00,2018,7,7,27,41.10700035095215,7
2018-07-08 00:00:00,2018,7,8,28,18.754999965429306,1
2018-07-09 00:00:00,2018,7,9,28,11.976000249385834,2
2018-07-10 00:00:00,2018,7,10,28,1.125,3
2018-07-11 00:00:00,2018,7,11,28,10.095000177621841,4
2018-07-12 00:00:00,2018,7,12,28,15.07600000500679,5
2018-07-13 00:00:00,2018,7,13,28,23.538999915122986,6
2018-07-14 00:00:00,2018,7,14,28,37.28000043332577,7
2018-07-15 00:00:00,2018,7,15,29,30.422000020742416,1
2018-07-16 00:00:00,2018,7,16,29,21.643999993801117,2
2018-07-17 00:00:00,2018,7,17,29,20.67799997329712,3
2018-07-18 00:00:00,2018,7,18,29,24.493000090122223,4
2018-07-19 00:00:00,2018,7,19,29,24.030000388622284,5
2018-07-20 00:00:00,2018,7,20,29,12.876999944448471,6
2018-07-21 00:00:00,2018,7,21,29,0.515999972820282,7
2018-07-22 00:00:00,2018,7,22,30,28.47999995946884,1
2018-07-23 00:00:00,2018,7,23,30,4.191000133752823,2
2018-07-24 00:00:00,2018,7,24,30,14.382999867200851,3
2018-07-25 00:00:00,2018,7,25,30,14.087000072002411,4
2018-07-26 00:00:00,2018,7,26,30,17.21600017696619,5
2018-07-27 00:00:00,2018,7,27,30,22.23400000622496,6
2018-07-28 00:00:00,2018,7,28,30,71.42099949717522,7
2018-07-29 00:00:00,2018,7,29,31,40.73000031709671,1
2018-07-30 00:00:00,2018,7,30,31,10.24900010228157,2
2018-07-31 00:00:00,2018,7,31,31,24.84800013899803,3
2018-08-01 00:00:00,2018,8,1,31,41.256000101566315,4
2018-08-02 00:00:00,2018,8,2,31,28.969000190496445,5
2018-08-03 00:00:00,2018,8,3,31,24.01600030064583,6
2018-08-04 00:00:00,2018,8,4,31,35.127999901771545,7
2018-08-05 00:00:00,2018,8,5,32,8.321000099182129,1
2018-08-06 00:00:00,2018,8,6,32,9.212000012397766,2
2018-08-07 00:00:00,2018,8,7,32,15.375,3
2018-08-08 00:00:00,2018,8,8,32,15.082999795675278,4
2018-08-09 00:00:00,2018,8,9,32,20.446999818086624,5
2018-08-10 00:00:00,2018,8,10,32,15.02000007033348,6
2018-08-11 00:00:00,2018,8,11,32,29.0800002515316,7
2018-08-12 00:00:00,2018,8,12,33,20.745999805629253,1
2018-08-13 00:00:00,2018,8,13,33,11.694000005722046,2
2018-08-14 00:00:00,2018,8,14,33,15.8299999833107,3
2018-08-15 00:00:00,2018,8,15,33,15.516000002622604,4
2018-08-16 00:00:00,2018,8,16,33,16.17900002002716,5
2018-08-17 00:00:00,2018,8,17,33,19.8440001308918,6
2018-08-18 00:00:00,2018,8,18,33,53.69699987769127,7
2018-08-19 00:00:00,2018,8,19,34,27.14799976348877,1
2018-08-20 00:00:00,2018,8,20,34,7.6059998869895935,2
2018-08-21 00:00:00,2018,8,21,34,25.107999622821808,3
2018-08-22 00:00:00,2018,8,22,34,20.0040000975132,4
2018-08-23 00:00:00,2018,8,23,34,20.281000316143036,5
2018-08-24 00:00:00,2018,8,24,34,40.16899989545345,6
2018-08-25 00:00:00,2018,8,25,34,41.72300010919571,7
2018-08-26 00:00:00,2018,8,26,35,33.86699986457825,1
2018-08-27 00:00:00,2018,8,27,35,24.84199982881546,2
2018-08-28 00:00:00,2018,8,28,35,19.71599990129471,3
2018-08-29 00:00:00,2018,8,29,35,30.844000190496445,4
2018-08-30 00:00:00,2018,8,30,35,15.331000000238419,5
2018-08-31 00:00:00,2018,8,31,35,58.12499991059303,6
2018-09-01 00:00:00,2018,9,1,35,40.05100014805794,7
2018-09-02 00:00:00,2018,9,2,36,32.228000074625015,1
2018-09-03 00:00:00,2018,9,3,36,7.344999939203262,2
2018-09-04 00:00:00,2018,9,4,36,20.52200037240982,3
2018-09-05 00:00:00,2018,9,5,36,16.94699990749359,4
2018-09-06 00:00:00,2018,9,6,36,7.060000061988831,5
2018-09-07 00:00:00,2018,9,7,36,19.84100016951561,6
2018-09-08 00:00:00,2018,9,8,36,38.9420001655817,7
2018-09-09 00:00:00,2018,9,9,37,30.10899990797043,1
2018-09-10 00:00:00,2018,9,10,37,22.26800000667572,2
2018-09-11 00:00:00,2018,9,11,37,34.721999913454056,3
2018-09-12 00:00:00,2018,9,12,37,26.998000144958496,4
2018-09-13 00:00:00,2018,9,13,37,34.83800062537193,5
2018-09-14 00:00:00,2018,9,14,37,31.488999903202057,6
2018-09-15 00:00:00,2018,9,15,37,71.61800011992455,7
2018-09-16 00:00:00,2018,9,16,38,48.040999948978424,1
2018-09-17 00:00:00,2018,9,17,38,0.4909999966621399,2
2018-09-18 00:00:00,2018,9,18,38,28.242999732494354,3
2018-09-19 00:00:00,2018,9,19,38,9.938999950885773,4
2018-09-20 00:00:00,2018,9,20,38,27.754000037908554,5
2018-09-21 00:00:00,2018,9,21,38,23.049999982118607,6
2018-09-22 00:00:00,2018,9,22,38,43.86299976706505,7
2018-09-23 00:00:00,2018,9,23,39,22.122999846935272,1
2018-09-24 00:00:00,2018,9,24,39,7.3399999141693115,2
2018-09-25 00:00:00,2018,9,25,39,20.87999999523163,3
2018-09-26 00:00:00,2018,9,26,39,13.330000162124634,4
2018-09-27 00:00:00,2018,9,27,39,6.669999957084656,5
2018-09-28 00:00:00,2018,9,28,39,25.21600031852722,6
2018-09-29 00:00:00,2018,9,29,39,89.2819998562336,7
2018-09-30 00:00:00,2018,9,30,40,29.527999818325043,1
2018-10-01 00:00:00,2018,10,1,40,0,2
2018-10-02 00:00:00,2018,10,2,40,12.976999998092651,3
2018-10-03 00:00:00,2018,10,3,40,17.913999915122986,4
2018-10-04 00:00:00,2018,10,4,40,18.316000193357468,5
2018-10-05 00:00:00,2018,10,5,40,29.941000252962112,6
2018-10-06 00:00:00,2018,10,6,40,38.48099982738495,7
2018-10-07 00:00:00,2018,10,7,41,12.71399998664856,1
2018-10-08 00:00:00,2018,10,8,41,14.226999998092651,2
2018-10-09 00:00:00,2018,10,9,41,11.312999784946442,3
2018-10-10 00:00:00,2018,10,10,41,18.013000011444092,4
2018-10-11 00:00:00,2018,10,11,41,8.906999856233597,5
2018-10-12 00:00:00,2018,10,12,41,22.458000034093857,6
2018-10-13 00:00:00,2018,10,13,41,58.97099977731705,7
2018-10-14 00:00:00,2018,10,14,42,23.646999776363373,1
2018-10-15 00:00:00,2018,10,15,42,5.068000018596649,2
2018-10-16 00:00:00,2018,10,16,42,13.560000091791153,3
2018-10-17 00:00:00,2018,10,17,42,4.570999920368195,4
2018-10-18 00:00:00,2018,10,18,42,19.350000143051147,5
2018-10-19 00:00:00,2018,10,19,42,23.198000013828278,6
2018-10-20 00:00:00,2018,10,20,42,25.24399994313717,7
2018-10-21 00:00:00,2018,10,21,43,9.948999971151352,1
2018-10-22 00:00:00,2018,10,22,43,8.885000050067902,2
2018-10-23 00:00:00,2018,10,23,43,9.613999903202057,3
2018-10-24 00:00:00,2018,10,24,43,8.668999999761581,4
2018-10-25 00:00:00,2018,10,25,43,4.869999885559082,5
2018-10-26 00:00:00,2018,10,26,43,30.584999918937683,6
2018-10-27 00:00:00,2018,10,27,43,31.51500004529953,7
2018-10-28 00:00:00,2018,10,28,44,6.306999921798706,1
2018-10-29 00:00:00,2018,10,29,44,3.525999963283539,2
2018-10-30 00:00:00,2018,10,30,44,23.55700021982193,3
2018-10-31 00:00:00,2018,10,31,44,21.142000138759613,4
2018-11-01 00:00:00,2018,11,1,44,22.65700000524521,5
2018-11-02 00:00:00,2018,11,2,44,11.809999972581863,6
2018-11-03 00:00:00,2018,11,3,44,41.29000037908554,7
2018-11-04 00:00:00,2018,11,4,45,15.593000203371048,1
2018-11-05 00:00:00,2018,11,5,45,9.373999997973442,2
2018-11-06 00:00:00,2018,11,6,45,4.932000041007996,3
2018-11-07 00:00:00,2018,11,7,45,7.316000014543533,4
2018-11-08 00:00:00,2018,11,8,45,8.95000010728836,5
2018-11-09 00:00:00,2018,11,9,45,29.648999899625778,6
2018-11-10 00:00:00,2018,11,10,45,20.14099994301796,7
2018-11-11 00:00:00,2018,11,11,46,0,1
2018-11-12 00:00:00,2018,11,12,46,0,2
2018-11-13 00:00:00,2018,11,13,46,0,3
2018-11-14 00:00:00,2018,11,14,46,6.4070000648498535,4
2018-11-15 00:00:00,2018,11,15,46,9.73199987411499,5
2018-11-16 00:00:00,2018,11,16,46,18.271000176668167,6
2018-11-17 00:00:00,2018,11,17,46,13.736000075936317,7
2018-11-18 00:00:00,2018,11,18,47,19.864000022411346,1
2018-11-19 00:00:00,2018,11,19,47,14.69400006532669,2
2018-11-20 00:00:00,2018,11,20,47,9.38600006699562,3
2018-11-21 00:00:00,2018,11,21,47,10.958999991416931,4
2018-11-22 00:00:00,2018,11,22,47,9.03600013256073,5
2018-11-23 00:00:00,2018,11,23,47,2.215999960899353,6
2018-11-24 00:00:00,2018,11,24,47,18.49100011587143,7
2018-11-25 00:00:00,2018,11,25,48,6.375999927520752,1
2018-11-26 00:00:00,2018,11,26,48,4.746999979019165,2
2018-11-27 00:00:00,2018,11,27,48,13.910999685525894,3
2018-11-28 00:00:00,2018,11,28,48,5.075999915599823,4
2018-11-29 00:00:00,2018,11,29,48,15.491999864578247,5
2018-11-30 00:00:00,2018,11,30,48,9.045000076293945,6
2018-12-01 00:00:00,2018,12,1,48,16.942000061273575,7
2018-12-02 00:00:00,2018,12,2,49,15.8539999127388,1
2018-12-03 00:00:00,2018,12,3,49,9.40599998831749,2
2018-12-04 00:00:00,2018,12,4,49,12.528999954462051,3
2018-12-05 00:00:00,2018,12,5,49,10.439000070095062,4
2018-12-06 00:00:00,2018,12,6,49,16.735999882221222,5
2018-12-07 00:00:00,2018,12,7,49,14.470999985933304,6
2018-12-08 00:00:00,2018,12,8,49,17.89900018274784,7
2018-12-09 00:00:00,2018,12,9,50,9.45000010728836,1
2018-12-10 00:00:00,2018,12,10,50,19.317999958992004,2
2018-12-11 00:00:00,2018,12,11,50,17.208000153303146,3
2018-12-12 00:00:00,2018,12,12,50,19.295999884605408,4
2018-12-13 00:00:00,2018,12,13,50,26.944999754428864,5
2018-12-14 00:00:00,2018,12,14,50,21.947999835014343,6
2018-12-15 00:00:00,2018,12,15,50,28.798999905586243,7
2018-12-16 00:00:00,2018,12,16,51,6.737999826669693,1
2018-12-17 00:00:00,2018,12,17,51,4.178000032901764,2
2018-12-18 00:00:00,2018,12,18,51,0,3
2018-12-19 00:00:00,2018,12,19,51,12.230000138282776,4
2018-12-20 00:00:00,2018,12,20,51,2.4630000591278076,5
2018-12-21 00:00:00,2018,12,21,51,12.006999969482422,6
2018-12-22 00:00:00,2018,12,22,51,10.527999967336655,7
2018-12-23 00:00:00,2018,12,23,52,10.797999799251556,1
2018-12-24 00:00:00,2018,12,24,52,10.66399997472763,2
2018-12-25 00:00:00,2018,12,25,52,0,3
2018-12-26 00:00:00,2018,12,26,52,7.064999997615814,4
2018-12-27 00:00:00,2018,12,27,52,0,5
2018-12-28 00:00:00,2018,12,28,52,26.80099993944168,6
2018-12-29 00:00:00,2018,12,29,52,5.89599996805191,7
2018-12-30 00:00:00,2018,12,30,53,20.736999988555908,1
2018-12-31 00:00:00,2018,12,31,53,0,2
2019-01-01 00:00:00,2019,1,1,1,0,3
2019-01-02 00:00:00,2019,1,2,1,0,4
2019-01-03 00:00:00,2019,1,3,1,20.970000088214874,5
2019-01-04 00:00:00,2019,1,4,1,8.39599996805191,6
2019-01-05 00:00:00,2019,1,5,1,12.793000042438507,7
2019-01-06 00:00:00,2019,1,6,2,23.73900017142296,1
2019-01-07 00:00:00,2019,1,7,2,4.634999990463257,2
2019-01-08 00:00:00,2019,1,8,2,18.85299986600876,3
2019-01-09 00:00:00,2019,1,9,2,8.130000054836273,4
2019-01-10 00:00:00,2019,1,10,2,9.841000020503998,5
2019-01-11 00:00:00,2019,1,11,2,6.6450000405311584,6
2019-01-12 00:00:00,2019,1,12,2,6.280000001192093,7
2019-01-13 00:00:00,2019,1,13,3,10.044000029563904,1
2019-01-14 00:00:00,2019,1,14,3,8.786999940872192,2
2019-01-15 00:00:00,2019,1,15,3,10.438000082969666,3
2019-01-16 00:00:00,2019,1,16,3,8.052000105381012,4
2019-01-17 00:00:00,2019,1,17,3,7.352999955415726,5
2019-01-18 00:00:00,2019,1,18,3,11.491000056266785,6
2019-01-19 00:00:00,2019,1,19,3,7.78600001335144,7
2019-01-20 00:00:00,2019,1,20,4,13.634999990463257,1
2019-01-21 00:00:00,2019,1,21,4,5.22599995136261,2
2019-01-22 00:00:00,2019,1,22,4,6.1579999923706055,3
2019-01-23 00:00:00,2019,1,23,4,9.047999918460846,4
2019-01-24 00:00:00,2019,1,24,4,6.046000003814697,5
2019-01-25 00:00:00,2019,1,25,4,5.335999965667725,6
2019-01-26 00:00:00,2019,1,26,4,17.541999965906143,7
2019-01-27 00:00:00,2019,1,27,5,7.753000110387802,1
2019-01-28 00:00:00,2019,1,28,5,0,2
2019-01-29 00:00:00,2019,1,29,5,0.949999988079071,3
2019-01-30 00:00:00,2019,1,30,5,0,4
2019-01-31 00:00:00,2019,1,31,5,1.687000036239624,5
2019-02-01 00:00:00,2019,2,1,5,0,6
2019-02-02 00:00:00,2019,2,2,5,0.4740000069141388,7
2019-02-03 00:00:00,2019,2,3,6,0,1
2019-02-04 00:00:00,2019,2,4,6,0,2
2019-02-05 00:00:00,2019,2,5,6,0,3
2019-02-06 00:00:00,2019,2,6,6,6.618999898433685,4
2019-02-07 00:00:00,2019,2,7,6,5.070000112056732,5
2019-02-08 00:00:00,2019,2,8,6,7.99699991941452,6
2019-02-09 00:00:00,2019,2,9,6,4.5959999561309814,7
2019-02-10 00:00:00,2019,2,10,7,15.333999752998352,1
2019-02-11 00:00:00,2019,2,11,7,15.753999948501587,2
2019-02-12 00:00:00,2019,2,12,7,12.26500004529953,3
2019-02-13 00:00:00,2019,2,13,7,8.52400004863739,4
2019-02-14 00:00:00,2019,2,14,7,7.643999993801117,5
2019-02-15 00:00:00,2019,2,15,7,0.3580000102519989,6
2019-02-16 00:00:00,2019,2,16,7,14.275999963283539,7
2019-02-17 00:00:00,2019,2,17,8,10.231000006198883,1
2019-02-18 00:00:00,2019,2,18,8,2.428000032901764,2
2019-02-19 00:00:00,2019,2,19,8,5.583999991416931,3
2019-02-20 00:00:00,2019,2,20,8,11.733000099658966,4
2019-02-21 00:00:00,2019,2,21,8,22.047000229358673,5
2019-02-22 00:00:00,2019,2,22,8,14.538000017404556,6
2019-02-23 00:00:00,2019,2,23,8,24.40600022673607,7
2019-02-24 00:00:00,2019,2,24,9,11.320000022649765,1
2019-02-25 00:00:00,2019,2,25,9,9.01199996471405,2
2019-02-26 00:00:00,2019,2,26,9,15.998000025749207,3
2019-02-27 00:00:00,2019,2,27,9,8.739999949932098,4
2019-02-28 00:00:00,2019,2,28,9,11.181999891996384,5
2019-03-01 00:00:00,2019,3,1,9,13.23200011253357,6
2019-03-02 00:00:00,2019,3,2,9,8.101000040769577,7
2019-03-03 00:00:00,2019,3,3,10,12.225000023841858,1
2019-03-04 00:00:00,2019,3,4,10,9.418999969959259,2
2019-03-05 00:00:00,2019,3,5,10,33.46400037407875,3
2019-03-06 00:00:00,2019,3,6,10,9.47800001502037,4
2019-03-07 00:00:00,2019,3,7,10,30.34500002861023,5
2019-03-08 00:00:00,2019,3,8,10,20.029999881982803,6
2019-03-09 00:00:00,2019,3,9,10,56.81699973344803,7
2019-03-10 00:00:00,2019,3,10,11,21.369000047445297,1
2019-03-11 00:00:00,2019,3,11,11,0,2
2019-03-12 00:00:00,2019,3,12,11,0,3
2019-03-13 00:00:00,2019,3,13,11,15.433999747037888,4
2019-03-14 00:00:00,2019,3,14,11,12.364999860525131,5
2019-03-15 00:00:00,2019,3,15,11,10.882999897003174,6
2019-03-16 00:00:00,2019,3,16,11,12.71499988436699,7
2019-03-17 00:00:00,2019,3,17,12,7.7829999923706055,1
2019-03-18 00:00:00,2019,3,18,12,11.324999898672104,2
2019-03-19 00:00:00,2019,3,19,12,3.397999942302704,3
2019-03-20 00:00:00,2019,3,20,12,10.101000010967255,4
2019-03-21 00:00:00,2019,3,21,12,13.395000100135803,5
2019-03-22 00:00:00,2019,3,22,12,18.854000210762024,6
2019-03-23 00:00:00,2019,3,23,12,26.110999822616577,7
2019-03-24 00:00:00,2019,3,24,13,17.861999928951263,1
2019-03-25 00:00:00,2019,3,25,13,4.355000019073486,2
2019-03-26 00:00:00,2019,3,26,13,25.30399963259697,3
2019-03-27 00:00:00,2019,3,27,13,24.305000066757202,4
2019-03-28 00:00:00,2019,3,28,13,15.454999923706055,5
2019-03-29 00:00:00,2019,3,29,13,21.21800008416176,6
2019-03-30 00:00:00,2019,3,30,13,16.384999930858612,7
2019-03-31 00:00:00,2019,3,31,14,14.133999943733215,1
2019-04-01 00:00:00,2019,4,1,14,8.291000068187714,2
2019-04-02 00:00:00,2019,4,2,14,7.435000061988831,3
2019-04-03 00:00:00,2019,4,3,14,9.705999910831451,4
2019-04-04 00:00:00,2019,4,4,14,0,5
2019-04-05 00:00:00,2019,4,5,14,12.517999827861786,6
2019-04-06 00:00:00,2019,4,6,14,10.834000051021576,7
2019-04-07 00:00:00,2019,4,7,15,7.0309998989105225,1
2019-04-08 00:00:00,2019,4,8,15,6.056999981403351,2
2019-04-09 00:00:00,2019,4,9,15,0,3
2019-04-10 00:00:00,2019,4,10,15,7.093000054359436,4
2019-04-11 00:00:00,2019,4,11,15,13.867999911308289,5
2019-04-12 00:00:00,2019,4,12,15,12.489000022411346,6
2019-04-13 00:00:00,2019,4,13,15,6.447999954223633,7
2019-04-14 00:00:00,2019,4,14,16,24.410000324249268,1
2019-04-15 00:00:00,2019,4,15,16,20.00299996137619,2
2019-04-16 00:00:00,2019,4,16,16,0,3
2019-04-17 00:00:00,2019,4,17,16,13.395000040531158,4
2019-04-18 00:00:00,2019,4,18,16,14.90800005197525,5
2019-04-19 00:00:00,2019,4,19,16,19.33300006389618,6
2019-04-20 00:00:00,2019,4,20,16,12.8299999833107,7
2019-04-21 00:00:00,2019,4,21,17,3.809999942779541,1
2019-04-22 00:00:00,2019,4,22,17,5.473999977111816,2
2019-04-23 00:00:00,2019,4,23,17,8.241000056266785,3
2019-04-24 00:00:00,2019,4,24,17,29.352999925613403,4
2019-04-25 00:00:00,2019,4,25,17,29.14800000190735,5
2019-04-26 00:00:00,2019,4,26,17,27.41299992799759,6
2019-04-27 00:00:00,2019,4,27,17,17.50899988412857,7
2019-04-28 00:00:00,2019,4,28,18,20.470999896526337,1
2019-04-29 00:00:00,2019,4,29,18,11.718999803066254,2
2019-04-30 00:00:00,2019,4,30,18,27.824999809265137,3
2019-05-01 00:00:00,2019,5,1,18,15.877999722957611,4
2019-05-02 00:00:00,2019,5,2,18,3.1920000314712524,5
2019-05-03 00:00:00,2019,5,3,18,21.118000209331512,6
2019-05-04 00:00:00,2019,5,4,18,33.81099987030029,7
2019-05-05 00:00:00,2019,5,5,19,29.671000123023987,1
2019-05-06 00:00:00,2019,5,6,19,8.85999995470047,2
2019-05-07 00:00:00,2019,5,7,19,18.101999819278717,3
2019-05-08 00:00:00,2019,5,8,19,14.794000059366226,4
2019-05-09 00:00:00,2019,5,9,19,24.78300005197525,5
2019-05-10 00:00:00,2019,5,10,19,23.476999908685684,6
2019-05-11 00:00:00,2019,5,11,19,38.16200011968613,7
2019-05-12 00:00:00,2019,5,12,20,19.432000130414963,1
2019-05-13 00:00:00,2019,5,13,20,2.537999987602234,2
2019-05-14 00:00:00,2019,5,14,20,27.297999680042267,3
2019-05-15 00:00:00,2019,5,15,20,30.905999958515167,4
2019-05-16 00:00:00,2019,5,16,20,19.796999871730804,5
2019-05-17 00:00:00,2019,5,17,20,21.721000015735626,6
2019-05-18 00:00:00,2019,5,18,20,18.770999908447266,7
2019-05-19 00:00:00,2019,5,19,21,19.613000094890594,1
2019-05-20 00:00:00,2019,5,20,21,4.79200005531311,2
2019-05-21 00:00:00,2019,5,21,21,17.52099996805191,3
2019-05-22 00:00:00,2019,5,22,21,17.142000049352646,4
2019-05-23 00:00:00,2019,5,23,21,7.71600005030632,5
2019-05-24 00:00:00,2019,5,24,21,28.769000113010406,6
2019-05-25 00:00:00,2019,5,25,21,27.127000257372856,7
2019-05-26 00:00:00,2019,5,26,22,17.5899997651577,1
2019-05-27 00:00:00,2019,5,27,22,0.7929999828338623,2
2019-05-28 00:00:00,2019,5,28,22,11.628999888896942,3
2019-05-29 00:00:00,2019,5,29,22,9.394000113010406,4
2019-05-30 00:00:00,2019,5,30,22,18.57699978351593,5
2019-05-31 00:00:00,2019,5,31,22,25.906999737024307,6
2019-06-01 00:00:00,2019,6,1,22,22.1939999461174,7
2019-06-02 00:00:00,2019,6,2,23,43.17299973964691,1
2019-06-03 00:00:00,2019,6,3,23,13.76500016450882,2
2019-06-04 00:00:00,2019,6,4,23,10.842000037431717,3
2019-06-05 00:00:00,2019,6,5,23,0,4
2019-06-06 00:00:00,2019,6,6,23,15.864000022411346,5
2019-06-07 00:00:00,2019,6,7,23,15.445000022649765,6
2019-06-08 00:00:00,2019,6,8,23,47.604000091552734,7
2019-06-09 00:00:00,2019,6,9,24,42.94600000977516,1
2019-06-10 00:00:00,2019,6,10,24,0,2
2019-06-11 00:00:00,2019,6,11,24,10.333999872207642,3
2019-06-12 00:00:00,2019,6,12,24,0,4
2019-06-13 00:00:00,2019,6,13,24,40.99900037050247,5
2019-06-14 00:00:00,2019,6,14,24,51.10499969124794,6
2019-06-15 00:00:00,2019,6,15,24,68.53899991512299,7
2019-06-16 00:00:00,2019,6,16,25,30.502999663352966,1
2019-06-17 00:00:00,2019,6,17,25,21.033999741077423,2
2019-06-18 00:00:00,2019,6,18,25,26.084000200033188,3
2019-06-19 00:00:00,2019,6,19,25,60.47600015997887,4
2019-06-20 00:00:00,2019,6,20,25,41.163000017404556,5
2019-06-21 00:00:00,2019,6,21,25,59.0649998486042,6
2019-06-22 00:00:00,2019,6,22,25,37.51199996471405,7
2019-06-23 00:00:00,2019,6,23,26,48.031999945640564,1
2019-06-24 00:00:00,2019,6,24,26,9.669000089168549,2
2019-06-25 00:00:00,2019,6,25,26,24.907999843358994,3
2019-06-26 00:00:00,2019,6,26,26,28.80500003695488,4
2019-06-27 00:00:00,2019,6,27,26,18.392999947071075,5
2019-06-28 00:00:00,2019,6,28,26,54.68000012636185,6
2019-06-29 00:00:00,2019,6,29,26,46.64799979329109,7
2019-06-30 00:00:00,2019,6,30,27,42.55700019001961,1
2019-07-01 00:00:00,2019,7,1,27,5.056999921798706,2
2019-07-02 00:00:00,2019,7,2,27,0.9869999885559082,3
2019-07-03 00:00:00,2019,7,3,27,10.198000013828278,4
2019-07-04 00:00:00,2019,7,4,27,24.426999896764755,5
2019-07-05 00:00:00,2019,7,5,27,13.57099997997284,6
2019-07-06 00:00:00,2019,7,6,27,18.71200007200241,7
2019-07-07 00:00:00,2019,7,7,28,77.99699994921684,1
2019-07-08 00:00:00,2019,7,8,28,18.222000002861023,2
2019-07-09 00:00:00,2019,7,9,28,43.615999817848206,3
2019-07-10 00:00:00,2019,7,10,28,37.833000123500824,4
2019-07-11 00:00:00,2019,7,11,28,24.987999871373177,5
2019-07-12 00:00:00,2019,7,12,28,0,6
2019-07-13 00:00:00,2019,7,13,28,71.0789999961853,7
2019-07-14 00:00:00,2019,7,14,29,43.388999968767166,1
2019-07-15 00:00:00,2019,7,15,29,15.270000040531158,2
2019-07-16 00:00:00,2019,7,16,29,15.02099996805191,3
2019-07-17 00:00:00,2019,7,17,29,15.012999832630157,4
2019-07-18 00:00:00,2019,7,18,29,6.898999989032745,5
2019-07-19 00:00:00,2019,7,19,29,30.02500009536743,6
2019-07-20 00:00:00,2019,7,20,29,35.318999886512756,7
2019-07-21 00:00:00,2019,7,21,30,22.103000044822693,1
2019-07-22 00:00:00,2019,7,22,30,5.186999976634979,2
2019-07-23 00:00:00,2019,7,23,30,22.277999967336655,3
2019-07-24 00:00:00,2019,7,24,30,11.234000027179718,4
2019-07-25 00:00:00,2019,7,25,30,9.926000013947487,5
2019-07-26 00:00:00,2019,7,26,30,26.209999918937683,6
2019-07-27 00:00:00,2019,7,27,30,58.78200018405914,7
2019-07-28 00:00:00,2019,7,28,31,32.33100017905235,1
2019-07-29 00:00:00,2019,7,29,31,0,2
2019-07-30 00:00:00,2019,7,30,31,40.45500007271767,3
2019-07-31 00:00:00,2019,7,31,31,27.85600009560585,4
2019-08-01 00:00:00,2019,8,1,31,13.085999995470047,5
2019-08-02 00:00:00,2019,8,2,31,69.44500005245209,6
2019-08-03 00:00:00,2019,8,3,31,42.05600021034479,7
2019-08-04 00:00:00,2019,8,4,32,19.80699998140335,1
2019-08-05 00:00:00,2019,8,5,32,23.148599982261658,2
2019-08-06 00:00:00,2019,8,6,32,35.062999814748764,3
2019-08-07 00:00:00,2019,8,7,32,16.422999888658524,4
2019-08-08 00:00:00,2019,8,8,32,25.81999996304512,5
2019-08-09 00:00:00,2019,8,9,32,47.30699980258942,6
2019-08-10 00:00:00,2019,8,10,32,48.93600046634674,7
2019-08-11 00:00:00,2019,8,11,33,44.21799951791763,1
2019-08-12 00:00:00,2019,8,12,33,7.48499995470047,2
2019-08-13 00:00:00,2019,8,13,33,0,3
2019-08-14 00:00:00,2019,8,14,33,14.164999783039093,4
2019-08-15 00:00:00,2019,8,15,33,19.520999908447266,5
2019-08-16 00:00:00,2019,8,16,33,47.308000177145004,6
2019-08-17 00:00:00,2019,8,17,33,34.32500025629997,7
2019-08-18 00:00:00,2019,8,18,34,42.330999940633774,1
2019-08-19 00:00:00,2019,8,19,34,17.598000019788742,2
2019-08-20 00:00:00,2019,8,20,34,23.68499994277954,3
2019-08-21 00:00:00,2019,8,21,34,18.61499983072281,4
2019-08-22 00:00:00,2019,8,22,34,18.833000004291534,5
2019-08-23 00:00:00,2019,8,23,34,4.317000031471252,6
2019-08-24 00:00:00,2019,8,24,34,24.111999809741974,7
2019-08-25 00:00:00,2019,8,25,35,11.738999962806702,1
2019-08-26 00:00:00,2019,8,26,35,14.208999827504158,2
2019-08-27 00:00:00,2019,8,27,35,19.357000038027763,3
2019-08-28 00:00:00,2019,8,28,35,3.575000047683716,4
2019-08-29 00:00:00,2019,8,29,35,12.401999861001968,5
2019-08-30 00:00:00,2019,8,30,35,24.1659999191761,6
2019-08-31 00:00:00,2019,8,31,35,26.365000128746033,7
2019-09-01 00:00:00,2019,9,1,36,29.69799965620041,1
2019-09-02 00:00:00,2019,9,2,36,4.370000004768372,2
2019-09-03 00:00:00,2019,9,3,36,18.537000238895416,3
2019-09-04 00:00:00,2019,9,4,36,17.67500001192093,4
2019-09-05 00:00:00,2019,9,5,36,8.800000071525574,5
2019-09-06 00:00:00,2019,9,6,36,28.84399974346161,6
2019-09-07 00:00:00,2019,9,7,36,45.74300009012222,7
2019-09-08 00:00:00,2019,9,8,37,9.754000097513199,1
2019-09-09 00:00:00,2019,9,9,37,0,2
2019-09-10 00:00:00,2019,9,10,37,17.76699987053871,3
2019-09-11 00:00:00,2019,9,11,37,11.818999975919724,4
2019-09-12 00:00:00,2019,9,12,37,19.37600004673004,5
2019-09-13 00:00:00,2019,9,13,37,27.711999654769897,6
2019-09-14 00:00:00,2019,9,14,37,32.085000067949295,7
2019-09-15 00:00:00,2019,9,15,38,29.434999734163284,1
2019-09-16 00:00:00,2019,9,16,38,0,2
2019-09-17 00:00:00,2019,9,17,38,11.558999806642532,3
2019-09-18 00:00:00,2019,9,18,38,3.4149999618530273,4
2019-09-19 00:00:00,2019,9,19,38,6.434999912977219,5
2019-09-20 00:00:00,2019,9,20,38,12.644999951124191,6
2019-09-21 00:00:00,2019,9,21,38,29.06599998474121,7
2019-09-22 00:00:00,2019,9,22,39,17.902999818325043,1
2019-09-23 00:00:00,2019,9,23,39,4.119999974966049,2
2019-09-24 00:00:00,2019,9,24,39,18.07099997997284,3
2019-09-25 00:00:00,2019,9,25,39,12.223000019788742,4
2019-09-26 00:00:00,2019,9,26,39,7.318000018596649,5
2019-09-27 00:00:00,2019,9,27,39,5.113999962806702,6
2019-09-28 00:00:00,2019,9,28,39,13.813000068068504,7
2019-09-29 00:00:00,2019,9,29,40,7.424999922513962,1
2019-09-30 00:00:00,2019,9,30,40,12.338000118732452,2
